Count,Name,ManaCost,TypeLine,Rarity,Power,Toughness,Abilities,FlavorText,FrameColor,SetSymbol,ArtPath
1,Aziah Calderon,3UU,Legendary Creature - Human Scientist,mythic,3,4,"When Aziah Calderon enters the battlefield, search your library for a card named 'Scint Protocol' and put it into your hand.","They said death was final. They said the distance between us was absolute. They must be wrong. I will come back to her, even if I have to rewrite Time Itself.",blue,TM,art/aziah_calderon.png
1,Fai Wei,2WU,Legendary Creature - Human Executive,rare,2,3,"At the beginning of your upkeep, scry 1. Tap: Add one mana of any color.","""We're not just studying quantum mechanics—we're building the future of transportation.""",multicolor,TM,art/fai_wei.png
1,Quantum Entanglement,2UU,Instant,rare,,,Target two creatures become entangled until end of turn. Whenever one is dealt damage, the other is dealt the same amount.,Distance is an illusion.,blue,TM,art/quantum_entanglement.png
1,Scint Protocol,3U,Enchantment,uncommon,,,At the beginning of each end step, if a reality fracture occurred this turn, draw a card.,The protocol that detects tears in the fabric of existence.,blue,TM,art/scint_protocol.png
1,Reality Fracture,1UR,Sorcery,rare,,,Exile target permanent. Its controller may cast it from exile until end of turn without paying its mana cost.,When space folds, anything is possible.,multicolor,TM,art/reality_fracture.png
1,Teleport Massive HQ,,,Land - Corporate,rare,,,Tap: Add C. 2UU, Tap: Target creature gains 'This creature can't be blocked' until end of turn.,The epicenter of quantum transportation research.,artifact,TM,art/tm_hq.png
1,Chen Stabilization Protocol,2U,Enchantment,uncommon,,,Creatures you control have hexproof as long as they're entangled with another creature.,Dr. Chen's breakthrough made macro-scale quantum states possible.,blue,TM,art/chen_protocol.png
1,Research & Development,2,Artifact,common,,,Tap, Sacrifice Research & Development: Draw two cards, then discard a card.,Where impossible ideas become inevitable realities.,artifact,TM,art/rnd_department.png
1,SWAB - Something Without A Beginning,4,Legendary Artifact,mythic,,,SWAB has no mana cost and can't be cast. If SWAB would enter your hand from anywhere, put it onto the battlefield instead.,The curved shape that always was.,artifact,TM,art/swab.png
1,SWAE - Something Without An End,4,Legendary Artifact,mythic,,,SWAE can't leave the battlefield. At the beginning of your upkeep, you may pay 2. If you don't, SWAE deals 1 damage to you.,The sharp edge that always will be.,artifact,TM,art/swae.png
1,The Vibration,XUB,Sorcery,mythic,,,The Vibration can't be countered. Exile X target permanents. Return them to the battlefield under their owners' control at the beginning of the next end step.,The oscillation between existence and nonexistence.,multicolor,TM,art/the_vibration.png
1,Grieving Scientist,1U,Creature - Human Scientist,common,1,2,"When Grieving Scientist enters the battlefield, look at the top two cards of your library. Put one into your hand and the other into your graveyard.",Loss fuels the greatest discoveries.,blue,TM,art/grieving_scientist.png
